cyclodecane,butylcyclohexane,pentylcyclopentane
-0.0,1.1597648700000003,1.1597819200000001
