T [K],nu [m^2/s],std [m^2/s]
233.15,0.00000989,0.00000000989
253.15,0.000005,0.000000005
298.15,0.0000019,0.0000000019
313.15,0.00000153,0.00000000153