T [K],sigma [N/m],std [N/m]
263.15,0.0247,0.0000247
295.15,0.0224,0.0000224
313.15,0.0210,0.0000210