2-methylnaphthalene,1-methylnaphthalene
2.957197657500001,2.736304000000001
