2-pentylnaphthalene,1-pentylnaphthalene
2.651729740000001,2.415679950000001
