"2,4-dimethylundecane","2,2-dimethylundecane","2,3-dimethylundecane",2-methyldodecane,3-methyldodecane
4.465630455000001,6.305494995000002,4.162494862500001,2.5685928562500004,1.8912227812500002
