ethylbenzene,m-xylene,o-xylene,p-xylene
0.9996526650000002,3.114279902500001,2.8679820650000005,3.113948152500001
